name;method;param
nice facial cleanser;available;True
pretty nail file;available;True
Brother DCP-T510W;available;True
Brother DCP-T510W;price_percent;-0.16
amazing sunscreen;quantity_add;112
attractive tile;price_abs;15
EVGA 500B 80+ BRONZE;price_abs;64297.200000000004
pleasant apricot;quantity_add;113
marvelous doors;price_percent;0.04
EVGA 500B 80+ BRONZE;price_abs;924
magnificent glue;quantity_add;14
SteelSeries Arctis 7;quantity_sub;-1
superb tape measure;quantity_sub;-138
amazing sunscreen;quantity_sub;-131
sublime blueberry;price_abs;10
marvelous lip balm;price_abs;12
Canon PIXMA;price_abs;4744
Canon PIXMA;price_abs;4512
Epson Expression Home XP;quantity_sub;-8
stylish cranberry;price_abs;-11
Canon PIXMA;available;True
magnificent hair mask;quantity_add;28
sublime chisel;remove;
nice wallpaper;quantity_add;47
nice wallpaper;remove;
Samsung 970 EVO SSD;price_percent;0.18
Razer Variau;price_percent;-0.09
attractive serum;available;True
Logitech Wireless Keyboard;price_abs;-7286
Samsung 970 EVO SSD;quantity_add;10
sublime sunscreen;price_percent;0.1
elegant lip balm;quantity_add;125
nice eye cream;quantity_add;138
delightful perfume;remove;
exquisite wallpaper;price_abs;-3
EVGA 500B 80+ BRONZE;price_abs;7835
delightful lotion;quantity_add;102
stylish cranberry;price_percent;0.2
refined manicure set;available;False
stylish nails;price_percent;-0.08
Logitech Wireless Keyboard;price_percent;-0.07
attractive guava;quantity_add;1
Logitech Wireless Keyboard;quantity_sub;-1
Canon PIXMA;quantity_add;6
Canon PIXMA;remove;
Kingston Canvas Select Plus;quantity_sub;-13
tasteful baby shampoo;quantity_sub;-68
attractive screws;quantity_sub;-162
Razer Variau;price_abs;-4321
magnificent wallpaper;available;True
sublime saw;price_abs;60.775000000000006
refined chisel;remove;
NVIDIA GeForce GTX 1050;remove;
beautiful toner;quantity_add;79
magnificent glue;price_percent;0.1
AMD Ryzen 5;quantity_add;1
HP LaserJet Pro;price_abs;-2399
AMD Ryzen 5;price_abs;-12231
luxurious raspberry;price_abs;15.565000000000001
attractive deodorant;price_abs;1
Brother DCP-T510W;remove;
Razer Variau;price_percent;-0.19
nice baby shampoo;quantity_sub;-120
amazing bubble bath;quantity_add;76
exquisite drywall;quantity_add;80
sublime drywall;quantity_add;6
Samsung 970 EVO SSD;price_abs;4310
Samsung 970 EVO SSD;available;True
Canon PIXMA;quantity_sub;-6
attractive papaya;quantity_add;34
exquisite drywall;quantity_add;78
gorgeous apple;available;True
magnificent wallpaper;price_abs;-7
gorgeous wheelbarrow;quantity_add;15
superb pedicure set;available;True
AMD Ryzen 5;available;True
refined plumbing;quantity_sub;-139
beautiful peach;quantity_add;56
beautiful orange;price_percent;0.07
gorgeous glue;quantity_sub;-52
gorgeous cherry;available;False
nice facial cleanser;quantity_add;62
exquisite nail file;price_percent;-0.08
Canon PIXMA;available;False
trendy melon;quantity_add;34
attractive guava;price_abs;14
amazing sunscreen;available;False
exquisite tile;quantity_add;47
AMD Ryzen 5;quantity_add;8
EVGA 500B 80+ BRONZE;remove;
attractive nails;quantity_add;152
exquisite wallpaper;quantity_sub;-2
delightful perfume;quantity_sub;-5
tasteful tape measure;price_percent;0.06
attractive tile;price_abs;87.27400000000002
refined manicure set;available;False
luxurious hair mask;quantity_sub;-138
superb baseboard;available;False
elegant cherry;price_percent;0.11
sublime chisel;quantity_sub;-86
glamorous nail polish;quantity_sub;-104
Canon PIXMA;available;False
EVGA 500B 80+ BRONZE;quantity_sub;-4
Corsair HS60;quantity_sub;-1
tasteful pineapple;price_percent;-0.12
superb body wash;remove;
Canon PIXMA;price_abs;-7173
Canon PIXMA;price_abs;12734
amazing mango;quantity_sub;-88
attractive deodorant;quantity_add;83
EVGA 500B 80+ BRONZE;available;False
HP LaserJet Pro;remove;
tasteful wheelbarrow;remove;
nice wallpaper;price_abs;0
pleasant toothpaste;available;True
Canon PIXMA;quantity_sub;-6
Kingston Canvas Select Plus;quantity_add;10
Epson Expression Home XP;available;True
delightful sunscreen;quantity_add;46
magnificent eye cream;quantity_add;64
exquisite apple;available;False
nice wallpaper;quantity_add;137
trendy banana;price_percent;0.15
exquisite drywall;quantity_sub;-9
Razer Variau;quantity_sub;-2
superb pedicure set;price_abs;10
Kingston Canvas Select Plus;quantity_sub;-13
pretty paint;quantity_sub;-69
Epson Expression Home XP;quantity_add;3
tasteful baby shampoo;quantity_add;18
attractive screws;quantity_add;49
tasteful blackberry;quantity_sub;-24
stylish apple;available;True
AMD Ryzen 5;price_abs;4589
pretty cranberry;quantity_sub;-80
pleasant pineapple;quantity_sub;-96
nice eye cream;available;True
attractive guava;remove;
NVIDIA GeForce GTX 1050;available;True
EVGA 500B 80+ BRONZE;price_percent;-0.04
attractive nails;price_abs;8
beautiful peach;quantity_sub;-80
pleasant toothpaste;quantity_sub;-69
beautiful perfume;quantity_add;32
amazing mango;available;False
exquisite nail file;quantity_sub;-47
pretty apple;price_percent;-0.1
gorgeous apple;quantity_add;103
HP LaserJet Pro;remove;
marvelous doors;quantity_sub;-113
nice banana;price_abs;7
AMD Ryzen 5;available;True
marvelous doors;remove;
exquisite pedicure set;quantity_sub;-163
magnificent eye cream;remove;
Logitech Wireless Keyboard;quantity_sub;-2
Logitech Wireless Keyboard;price_percent;0.12
pretty exfoliator;quantity_add;118
refined manicure set;quantity_sub;-79
delightful lotion;quantity_sub;-96
tasteful blackberry;available;True
beautiful scaffolding;quantity_add;97
NVIDIA GeForce GTX 1050;quantity_add;2
attractive serum;price_percent;-0.2
exquisite drywall;quantity_add;121
marvelous ladder;available;True
delightful lotion;price_abs;-2
stylish nails;price_percent;0.12
pretty tape measure;remove;
nice wallpaper;quantity_add;23
HP LaserJet Pro;price_percent;0.05
pretty nail file;quantity_sub;-22
Canon PIXMA;quantity_add;3
refined manicure set;price_abs;-12
HP LaserJet Pro;price_percent;0.05
Logitech Wireless Keyboard;price_abs;-2351
Epson Expression Home XP;price_percent;-0.17
luxurious moisturizer;quantity_sub;-84
AMD Ryzen 5;quantity_add;5
attractive guava;remove;
pleasant pineapple;quantity_add;78
nice raspberry;available;True
Samsung 970 EVO SSD;price_percent;0.18
Epson Expression Home XP;price_abs;-6459
exquisite toner;quantity_sub;-100
EVGA 500B 80+ BRONZE;quantity_add;6
magnificent hair mask;quantity_add;82
HP LaserJet Pro;quantity_sub;-1
AMD Ryzen 5;remove;
superb baseboard;remove;
marvelous lip balm;price_percent;-0.19
luxurious nail file;remove;
exquisite wallpaper;quantity_add;84
delightful lotion;available;True
NVIDIA GeForce GTX 1050;price_abs;5446
Logitech Wireless Keyboard;price_percent;-0.07
elegant lip balm;price_abs;1
Canon PIXMA;remove;
magnificent glue;remove;
gorgeous kiwifruit;quantity_sub;-112
HP LaserJet Pro;available;False
HP LaserJet Pro;available;True
Corsair HS60;price_abs;10232
luxurious hair mask;quantity_sub;-75
pleasant toner;remove;
sublime siding;price_abs;-7
HP LaserJet Pro;price_abs;-6557
HyperX DDR4 RAM;quantity_add;6
attractive baby shampoo;price_percent;0.18
marvelous ladder;quantity_sub;-136
EVGA 500B 80+ BRONZE;quantity_sub;-11
delightful wheelbarrow;quantity_sub;-175
nice cranberry;price_percent;-0.16
AMD Ryzen 5;remove;
luxurious flooring;remove;
sublime siding;quantity_add;15
EVGA 500B 80+ BRONZE;available;True
Intel Core i5;price_abs;-9707
NVIDIA GeForce GTX 1050;price_abs;-8249
marvelous apple;remove;
gorgeous apple;available;False
pleasant apricot;quantity_sub;-47
Samsung 970 EVO SSD;price_abs;-1617
nice wallpaper;remove;
Razer Variau;price_abs;1001
tasteful shovel;remove;
gorgeous kiwifruit;available;False
magnificent wallpaper;price_percent;-0.09
Corsair HS60;remove;
Corsair HS60;available;True
WD Blue HDD;available;True
HP LaserJet Pro;available;True
Logitech Wireless Keyboard;price_abs;-3910
Canon PIXMA;quantity_sub;-1
exquisite nail file;available;True
Samsung 970 EVO SSD;quantity_sub;-3
elegant plumbing;price_abs;-13
Samsung 970 EVO SSD;price_abs;10363
exquisite toner;price_abs;2
trendy baby shampoo;price_percent;-0.01
beautiful perfume;remove;
amazing bubble bath;available;True
magnificent glue;price_abs;12
refined manicure set;remove;
delightful manicure set;remove;
AMD Ryzen 5;price_abs;85751.6
Canon PIXMA;quantity_sub;-9
pretty raspberry;quantity_sub;-13
pleasant pineapple;available;True
Canon PIXMA;price_abs;93199.70000000001
sublime deodorant;price_percent;-0.2
pretty cranberry;quantity_add;124
Canon PIXMA;remove;
Razer Variau;available;False
delightful manicure set;price_abs;-11
nice raspberry;quantity_sub;-94
pleasant toner;available;True
delightful lotion;quantity_add;27
AMD Ryzen 5;quantity_add;2
SteelSeries Arctis 7;available;False
pretty pineapple;quantity_sub;-20
gorgeous cherry;available;True
luxurious flooring;available;True
superb baseboard;quantity_add;139
pleasant apricot;quantity_sub;-93
NVIDIA GeForce GTX 1050;quantity_add;9
attractive nails;price_abs;7
delightful lotion;remove;
pretty nail file;price_abs;4
amazing bubble bath;price_percent;0.16
pleasant apricot;price_abs;6
pleasant facial cleanser;remove;
elegant grapes;remove;
Samsung 970 EVO SSD;price_percent;-0.12
pretty pineapple;available;False
pleasant facial cleanser;remove;
WD Blue HDD;remove;
Canon PIXMA;available;False
exquisite nail file;quantity_add;94
beautiful perfume;price_abs;7
HP LaserJet Pro;remove;
magnificent glue;price_percent;0.08
beautiful peach;quantity_add;85
nice raspberry;remove;
magnificent glue;remove;
exquisite nail file;available;True
marvelous doors;remove;
WD Blue HDD;remove;
Epson Expression Home XP;price_abs;-6215
Samsung 970 EVO SSD;quantity_add;5
nice wallpaper;price_percent;0.05
elegant grapes;remove;
HP LaserJet Pro;price_abs;10548
Canon PIXMA;quantity_sub;-5
sublime deodorant;quantity_sub;-143
pleasant apricot;quantity_sub;-56
marvelous doors;quantity_add;149
marvelous lip balm;quantity_add;192
nice facial cleanser;price_percent;0.11
AMD Ryzen 5;remove;
tasteful shovel;price_percent;-0.11
Canon PIXMA;available;True
sublime chisel;price_percent;0.06
luxurious lip balm;remove;
luxurious raspberry;quantity_add;46
marvelous makeup remover;price_abs;14
nice eye cream;price_abs;3
attractive screws;price_percent;0.17
Canon PIXMA;price_percent;0.12
magnificent hammer;remove;
sublime chisel;available;False
SteelSeries Arctis 7;price_percent;0.07
luxurious flooring;available;True
trendy cherry;price_abs;3
magnificent hair mask;quantity_sub;-33
gorgeous trim;quantity_add;23
sublime chisel;remove;
gorgeous orange;available;True
NVIDIA GeForce GTX 1050;price_abs;-14445
attractive tile;price_percent;-0.18
pleasant pineapple;price_abs;-3
Canon PIXMA;quantity_sub;-9
magnificent eye cream;remove;
sublime sunscreen;price_percent;-0.11
beautiful perfume;price_percent;0.16
Kingston Canvas Select Plus;price_percent;0.19
attractive screws;remove;
pretty apple;price_abs;1
pretty paint;price_percent;0.0
Razer Variau;quantity_add;5
pleasant toner;quantity_add;21
magnificent lotion;price_percent;-0.11
luxurious paint;price_percent;0.17
Canon PIXMA;remove;
attractive guava;price_percent;-0.15
beautiful peach;remove;
Ricoh Aficio MP;quantity_sub;-1
exquisite nail file;remove;
nice facial cleanser;remove;
magnificent lotion;price_percent;-0.18
EVGA 500B 80+ BRONZE;price_abs;11508
gorgeous apple;quantity_sub;-43
gorgeous apple;available;True
delightful lotion;price_abs;-1
pleasant toothpaste;remove;
gorgeous kiwifruit;price_abs;4
pleasant apricot;available;True
pretty apple;quantity_sub;-97
refined manicure set;price_percent;-0.08
superb body wash;remove;
magnificent hammer;price_abs;2
delightful lotion;quantity_sub;-48
NVIDIA GeForce GTX 1050;quantity_add;7
exquisite toner;quantity_sub;-102
Corsair HS60;price_abs;8552
Intel Core i5;available;False
superb cherry;remove;
Razer Variau;price_percent;0.12
NVIDIA GeForce GTX 1050;remove;
Corsair HS60;quantity_add;2
exquisite toner;quantity_add;10
elegant cherry;quantity_add;84
stylish cranberry;quantity_sub;-127
gorgeous moustache wax;quantity_add;65
gorgeous kiwifruit;available;True
luxurious hair mask;remove;
Epson Expression Home XP;available;True
beautiful peach;quantity_sub;-113
Canon PIXMA;quantity_sub;-3
tasteful banana;quantity_sub;-54
elegant lip balm;price_percent;0.14
gorgeous apple;quantity_sub;-121
Canon PIXMA;price_percent;-0.17
delightful perfume;price_percent;-0.12
nice eye cream;price_percent;0.13
stylish apple;remove;
nice wallpaper;price_abs;-4
magnificent guava;quantity_add;53
HP LaserJet Pro;quantity_sub;-1
luxurious lip balm;quantity_add;62
EVGA 500B 80+ BRONZE;quantity_add;1
pleasant pineapple;remove;
attractive sunscreen;quantity_add;67
EVGA 500B 80+ BRONZE;quantity_sub;-1
pretty exfoliator;quantity_sub;-18
EVGA 500B 80+ BRONZE;price_abs;10224
superb baseboard;available;True
EVGA 500B 80+ BRONZE;quantity_add;10
AMD Ryzen 5;remove;
attractive deodorant;quantity_add;121
Logitech Wireless Keyboard;available;True
beautiful orange;available;True
EVGA 500B 80+ BRONZE;price_abs;3828
Kingston Canvas Select Plus;price_abs;-522
Canon PIXMA;quantity_add;3
elegant cherry;quantity_sub;-51
elegant lip balm;remove;
AMD Ryzen 5;available;False
Logitech Wireless Keyboard;available;True
elegant cherry;available;False
refined plumbing;remove;
magnificent guava;quantity_sub;-15
Samsung 970 EVO SSD;quantity_add;3
elegant plumbing;quantity_sub;-121
Samsung 970 EVO SSD;quantity_add;8
Samsung 970 EVO SSD;price_abs;-3458
tasteful blackberry;remove;
luxurious moisturizer;quantity_sub;-129
refined chisel;available;False
amazing sunscreen;available;True
attractive screws;price_percent;-0.01
nice raspberry;quantity_sub;-12
refined chisel;available;True
pleasant toothpaste;price_abs;5
superb baseboard;price_percent;0.2
luxurious hair mask;quantity_sub;-27
pleasant apricot;available;False
Corsair HS60;price_abs;13819
pretty cranberry;remove;
trendy baby shampoo;remove;
stylish sunscreen;price_percent;-0.17
HP LaserJet Pro;price_abs;2900
Logitech Wireless Keyboard;price_abs;3061
Epson Expression Home XP;quantity_sub;-12
magnificent face wash;quantity_sub;-67
nice eye cream;remove;
Kingston Canvas Select Plus;quantity_add;2
exquisite pedicure set;quantity_add;113
amazing perfume;available;False
superb plumbing;quantity_sub;-12
magnificent lotion;remove;
elegant cherry;quantity_sub;-119
nice cranberry;quantity_add;106
attractive strawberry;available;True
beautiful orange;remove;
sublime apricot;price_percent;0.06
magnificent hair mask;price_abs;4
marvelous lip balm;remove;
exquisite drywall;remove;
gorgeous wheelbarrow;remove;
marvelous lip balm;quantity_add;197
luxurious flooring;available;False
attractive guava;price_percent;-0.16
WD Blue HDD;remove;
Canon PIXMA;quantity_add;3
nice baby shampoo;price_percent;0.16
pretty pineapple;quantity_sub;-65
exquisite pedicure set;remove;
Samsung 970 EVO SSD;price_percent;-0.18
attractive sunscreen;quantity_sub;-23
pretty nail file;remove;
exquisite apple;quantity_sub;-96
marvelous doors;quantity_sub;-48
superb body wash;quantity_add;88
tasteful baby shampoo;quantity_add;44
gorgeous moustache wax;price_percent;0.18
Canon PIXMA;remove;
SteelSeries Arctis 7;price_abs;15776
Epson Expression Home XP;price_abs;-3900
attractive nails;price_percent;-0.03
delightful wheelbarrow;price_abs;-4
HP LaserJet Pro;price_abs;-11027
amazing sunscreen;remove;
Canon PIXMA;available;True
AMD Ryzen 5;available;True
gorgeous cherry;quantity_sub;-85
attractive strawberry;price_abs;60.896
NVIDIA GeForce GTX 1050;price_percent;-0.04
stylish baseboard;price_abs;8
attractive guava;remove;
attractive guava;price_abs;-1
attractive guava;price_abs;0
delightful perfume;price_percent;-0.16
Epson Expression Home XP;available;True
Razer Variau;quantity_add;4
NVIDIA GeForce GTX 1050;price_percent;-0.04
Corsair HS60;quantity_add;8
nice raspberry;available;False
magnificent serum;price_percent;-0.02
marvelous ladder;quantity_add;13
NVIDIA GeForce GTX 1050;available;True
attractive guava;remove;
Samsung 970 EVO SSD;available;True
attractive guava;quantity_add;7
sublime drywall;price_percent;0.13
Epson Expression Home XP;remove;
stylish sunscreen;available;True
Ricoh Aficio MP;price_percent;-0.06
elegant lip balm;available;False
gorgeous orange;price_abs;-9
WD Blue HDD;quantity_sub;-6
Logitech Wireless Keyboard;remove;
exquisite trim;available;True
Razer Variau;available;True
superb body wash;price_percent;0.07
HP LaserJet Pro;price_percent;0.07
delightful lotion;price_abs;5
tasteful baby shampoo;remove;
magnificent glue;price_abs;-2
luxurious hair mask;price_percent;0.0
attractive tile;remove;
magnificent lotion;quantity_sub;-66
WD Blue HDD;quantity_sub;-2
pretty exfoliator;quantity_sub;-175
HyperX DDR4 RAM;price_percent;0.16
superb cherry;quantity_sub;-120
WD Blue HDD;price_abs;2579
gorgeous glue;remove;
superb pedicure set;remove;
NVIDIA GeForce GTX 1050;quantity_sub;-7
gorgeous trim;quantity_add;93
luxurious grapes;price_percent;0.07
magnificent serum;remove;
gorgeous trim;price_percent;0.08
Logitech Wireless Keyboard;available;True
attractive deodorant;quantity_sub;-49
superb plumbing;remove;
Canon PIXMA;price_abs;-4678
beautiful orange;price_percent;0.13
refined chisel;remove;
marvelous lip balm;available;True
superb tape measure;quantity_add;26
marvelous makeup remover;quantity_add;70
pretty nail file;quantity_add;95
attractive strawberry;available;True
refined chisel;price_percent;0.15
pretty nail file;remove;
pretty nail file;quantity_add;47
superb tape measure;remove;
beautiful scaffolding;remove;
pretty paint;quantity_add;99
stylish baseboard;remove;
nice wallpaper;price_percent;-0.15
attractive guava;price_abs;-2
gorgeous trim;available;True
nice facial cleanser;quantity_sub;-6
stylish sunscreen;available;True
exquisite toner;remove;
tasteful baby shampoo;available;False
amazing mango;available;True
beautiful orange;quantity_add;29
stylish cranberry;quantity_add;45
Samsung 970 EVO SSD;price_abs;105103.90000000001
refined manicure set;price_percent;0.1
stylish nails;quantity_add;21
tasteful blackberry;price_percent;0.06
Canon PIXMA;price_abs;6962
luxurious moisturizer;remove;
elegant lip balm;price_percent;-0.11
exquisite toner;available;True
delightful manicure set;price_percent;-0.19
Logitech Wireless Keyboard;quantity_sub;-1
gorgeous kiwifruit;price_percent;0.06
trendy baby shampoo;available;True
Razer Variau;price_percent;0.16
nice facial cleanser;price_percent;-0.14
refined plumbing;quantity_sub;-137
beautiful orange;price_abs;4
refined chisel;available;True
attractive baby shampoo;quantity_add;61
luxurious flooring;remove;
Epson Expression Home XP;available;False
gorgeous apple;price_abs;11
nice ladder;price_percent;-0.18
sublime siding;available;True
magnificent wallpaper;price_abs;12
tasteful blackberry;quantity_add;43
Corsair HS60;quantity_sub;-2
gorgeous apple;available;True
Samsung 970 EVO SSD;remove;
HyperX DDR4 RAM;price_abs;12916
SteelSeries Arctis 7;price_percent;-0.03
luxurious hair mask;price_abs;9
EVGA 500B 80+ BRONZE;remove;
refined exfoliator;quantity_sub;-55
exquisite night cream;quantity_sub;-66
delightful lotion;quantity_sub;-32
gorgeous orange;price_percent;-0.1
AMD Ryzen 5;quantity_sub;-4
HyperX DDR4 RAM;remove;
Corsair HS60;remove;
pleasant apricot;price_abs;39.336
beautiful peach;price_percent;0.1
marvelous doors;remove;
magnificent wallpaper;price_abs;5
luxurious lip balm;price_abs;-5
attractive deodorant;available;True
beautiful orange;price_percent;0.19
Brother DCP-T510W;price_abs;-4116
exquisite pedicure set;quantity_add;115
Razer Variau;available;True
magnificent lotion;remove;
HyperX DDR4 RAM;remove;
pretty pineapple;available;True
tasteful wheelbarrow;available;True
attractive guava;price_abs;5
AMD Ryzen 5;price_percent;-0.18
attractive nails;price_abs;6
Corsair HS60;price_abs;-869
Samsung 970 EVO SSD;price_abs;-2080
magnificent eye cream;quantity_sub;-199
sublime chisel;quantity_sub;-100
Canon PIXMA;price_percent;-0.05
beautiful orange;remove;
Canon PIXMA;quantity_sub;-12
Canon PIXMA;price_percent;-0.16
Brother DCP-T510W;quantity_add;10
magnificent glue;quantity_add;136
Brother DCP-T510W;remove;
attractive tile;remove;
nice facial cleanser;remove;
pleasant toner;available;False
magnificent eye cream;price_abs;-4
Samsung 970 EVO SSD;price_percent;-0.13
sublime drywall;quantity_add;10
Epson Expression Home XP;price_percent;0.14
AMD Ryzen 5;price_percent;0.16
exquisite tile;price_abs;2
Canon PIXMA;remove;
amazing mango;price_percent;-0.07
nice cranberry;price_abs;15.543000000000003
beautiful toner;quantity_sub;-75
exquisite wallpaper;price_percent;0.07
attractive nails;price_abs;-3
pretty apple;available;False
luxurious nail file;quantity_sub;-101
Kingston Canvas Select Plus;quantity_sub;-2
stylish sunscreen;price_percent;0.1
Samsung 970 EVO SSD;price_percent;0.0
exquisite toner;quantity_sub;-118
pretty pineapple;available;True
marvelous doors;available;True
Epson Expression Home XP;price_abs;2120
Samsung 970 EVO SSD;remove;
exquisite drywall;available;True
stylish cranberry;price_abs;-8
pretty raspberry;quantity_add;92
attractive guava;remove;
Kingston Canvas Select Plus;price_percent;0.16
Logitech Wireless Keyboard;available;True
exquisite night cream;available;True
gorgeous axe;price_percent;-0.14
elegant cherry;price_percent;0.2
nice raspberry;price_percent;-0.01
attractive tile;price_abs;6
stylish sunscreen;quantity_add;148
attractive guava;quantity_add;44
magnificent guava;quantity_sub;-96
sublime scaffolding;quantity_add;67
magnificent lotion;price_abs;70.818
gorgeous trim;available;False
exquisite toner;quantity_sub;-84
SteelSeries Arctis 7;quantity_add;2
beautiful orange;remove;
elegant grapes;remove;
pleasant toner;remove;
Brother DCP-T510W;quantity_sub;-6
exquisite trim;quantity_sub;-46
tasteful blackberry;quantity_add;66
pretty raspberry;quantity_sub;-86
AMD Ryzen 5;remove;
Razer Variau;quantity_add;2
delightful manicure set;price_percent;0.09
pretty raspberry;remove;
Canon PIXMA;price_percent;0.11
Logitech Wireless Keyboard;price_abs;14462.800000000001
delightful manicure set;price_percent;-0.04
attractive screws;price_abs;-10
exquisite toner;available;False
pretty nail file;quantity_sub;-59
Ricoh Aficio MP;remove;
HyperX DDR4 RAM;available;True
HP LaserJet Pro;price_abs;11986
stylish nails;remove;
marvelous doors;price_abs;2
pretty raspberry;price_percent;0.16
Intel Core i5;quantity_add;2
luxurious moisturizer;price_abs;2
SteelSeries Arctis 7;quantity_add;7
elegant cherry;price_abs;-11
superb cherry;quantity_add;65
sublime chisel;price_percent;0.11
pleasant pineapple;price_percent;-0.05
stylish sunscreen;quantity_add;55
pretty screws;remove;
exquisite wallpaper;quantity_add;24
magnificent guava;price_percent;0.13
exquisite tile;available;True
gorgeous screws;price_abs;95.667
Kingston Canvas Select Plus;remove;
pretty cranberry;quantity_add;69
refined plumbing;price_percent;0.13
exquisite pedicure set;price_abs;8
exquisite night cream;quantity_add;59
Intel Core i5;quantity_sub;-4
pretty nail file;price_percent;0.03
beautiful peach;price_abs;-13
exquisite wallpaper;remove;
stylish nails;quantity_add;14
marvelous makeup remover;price_abs;-3
Kingston Canvas Select Plus;price_percent;-0.05
pleasant toothpaste;remove;
magnificent guava;available;True
nice cranberry;price_abs;1
delightful perfume;price_percent;-0.09
HyperX DDR4 RAM;price_abs;9094
Canon PIXMA;quantity_add;1
WD Blue HDD;quantity_sub;-1
magnificent serum;price_percent;-0.04
gorgeous screws;price_percent;-0.17
EVGA 500B 80+ BRONZE;quantity_add;6
tasteful baby shampoo;available;True
luxurious hair mask;price_percent;0.08
AMD Ryzen 5;quantity_sub;-1
HyperX DDR4 RAM;quantity_sub;-3
attractive strawberry;price_abs;-2
Razer Variau;price_abs;3520
HyperX DDR4 RAM;price_abs;-2939
stylish apple;remove;
HyperX DDR4 RAM;quantity_sub;-5
pretty paint;quantity_sub;-130
attractive sunscreen;price_percent;0.2
pretty cranberry;quantity_sub;-119
delightful wheelbarrow;available;True
nice ladder;quantity_add;35
exquisite pedicure set;price_abs;8
pleasant toner;quantity_sub;-27
Canon PIXMA;price_abs;6318
sublime sunscreen;price_percent;0.07
pretty nail file;quantity_sub;-46
gorgeous orange;quantity_sub;-5
pretty cranberry;available;False
Canon PIXMA;quantity_sub;-4
gorgeous apple;quantity_add;131
Kingston Canvas Select Plus;quantity_add;3
AMD Ryzen 5;price_abs;-11677
trendy baby shampoo;available;True
magnificent eye cream;quantity_add;184
EVGA 500B 80+ BRONZE;quantity_add;8
AMD Ryzen 5;remove;
amazing bubble bath;available;True
elegant lip balm;price_abs;4
beautiful peach;available;False
Samsung 970 EVO SSD;price_abs;29958.500000000004
Canon PIXMA;available;True
exquisite nail file;price_abs;-8
Samsung 970 EVO SSD;quantity_add;6
Epson Expression Home XP;remove;
Canon PIXMA;price_abs;-680
gorgeous glue;remove;
tasteful blackberry;quantity_add;75
pleasant pineapple;available;False
Corsair HS60;quantity_sub;-9
magnificent lotion;price_abs;-12
Kingston Canvas Select Plus;price_percent;0.08
beautiful scaffolding;quantity_sub;-101
stylish nail polish;remove;
elegant lip balm;remove;
Ricoh Aficio MP;price_percent;-0.09
delightful manicure set;price_abs;-1
Samsung 970 EVO SSD;price_percent;-0.06
Ricoh Aficio MP;quantity_add;3
Razer Variau;available;True
exquisite drywall;quantity_sub;-45
pleasant apricot;remove;
HP LaserJet Pro;price_abs;2821
NVIDIA GeForce GTX 1050;available;True
EVGA 500B 80+ BRONZE;price_percent;-0.04
Canon PIXMA;quantity_sub;-7
pretty apple;remove;
AMD Ryzen 5;remove;
Samsung 970 EVO SSD;quantity_sub;-9
beautiful scaffolding;quantity_sub;-10
Intel Core i5;quantity_add;2
EVGA 500B 80+ BRONZE;price_abs;12125
Brother DCP-T510W;quantity_add;3
exquisite apple;price_percent;0.01
glamorous nail polish;quantity_sub;-153
pleasant toner;price_abs;8
exquisite tile;available;True
delightful wheelbarrow;price_abs;-4
pleasant pineapple;available;True
Corsair HS60;available;True
exquisite wallpaper;price_percent;0.18
delightful lotion;available;True
luxurious flooring;available;True
Brother DCP-T510W;price_abs;1859
Corsair HS60;remove;
stylish cranberry;quantity_sub;-95
exquisite toner;quantity_add;75
attractive deodorant;available;True
EVGA 500B 80+ BRONZE;quantity_sub;-8
tasteful blackberry;remove;
tasteful baby shampoo;quantity_sub;-58
magnificent hammer;quantity_add;129
gorgeous orange;quantity_sub;-61
beautiful orange;remove;
HyperX DDR4 RAM;available;False
luxurious hair mask;price_percent;0.0
exquisite pedicure set;price_abs;-7
AMD Ryzen 5;quantity_sub;-4
sublime blueberry;quantity_add;96
exquisite night cream;price_abs;-7
luxurious nail file;quantity_add;42
refined chisel;remove;
attractive sunscreen;price_abs;17
attractive deodorant;price_percent;-0.14
beautiful peach;remove;
glamorous nail polish;price_percent;0.01
superb pedicure set;price_abs;-4
HyperX DDR4 RAM;price_abs;3644
amazing perfume;price_abs;5
Intel Core i5;remove;
Razer Variau;price_percent;0.03
magnificent serum;price_abs;-12
gorgeous trim;quantity_sub;-116
sublime siding;available;True
magnificent hair mask;price_percent;0.04
nice facial cleanser;price_abs;-1
superb baseboard;quantity_add;162
Samsung 970 EVO SSD;price_abs;3745
Canon PIXMA;remove;
magnificent eye cream;available;False
exquisite trim;quantity_sub;-9
SteelSeries Arctis 7;remove;
pretty lotion;quantity_add;107
Razer Variau;remove;
luxurious hair mask;quantity_add;1
refined chisel;quantity_sub;-5
EVGA 500B 80+ BRONZE;quantity_sub;-2
exquisite tile;price_abs;-1
EVGA 500B 80+ BRONZE;remove;
HP LaserJet Pro;available;True
magnificent lotion;quantity_add;25
attractive strawberry;price_abs;60.896
exquisite wallpaper;available;True
pretty apple;price_abs;1
delightful manicure set;quantity_add;33
Brother DCP-T510W;quantity_add;5
sublime chisel;quantity_sub;-63
nice facial cleanser;price_abs;2
refined manicure set;price_percent;-0.14
gorgeous wheelbarrow;price_percent;-0.01
magnificent lotion;price_abs;6
HP LaserJet Pro;price_abs;4357
pleasant pineapple;quantity_sub;-65
Canon PIXMA;quantity_sub;-10
Canon PIXMA;price_percent;-0.02
attractive serum;remove;
stylish nails;quantity_sub;-61
attractive screws;price_abs;-13
marvelous doors;available;True
magnificent guava;available;False
luxurious flooring;quantity_sub;-67
pleasant apricot;quantity_add;91
delightful perfume;price_abs;1
Epson Expression Home XP;quantity_sub;-2
HyperX DDR4 RAM;quantity_add;5
attractive deodorant;price_abs;-3
Kingston Canvas Select Plus;available;True
exquisite nail file;remove;
Canon PIXMA;price_percent;0.04
delightful manicure set;remove;
superb plumbing;remove;
Samsung 970 EVO SSD;price_percent;-0.1
WD Blue HDD;available;True
Razer Variau;price_abs;-16484
gorgeous moustache wax;remove;
marvelous ladder;price_percent;-0.03
stylish apple;quantity_add;155
exquisite toner;remove;
Intel Core i5;price_percent;-0.08
marvelous makeup remover;price_abs;8
Epson Expression Home XP;remove;
stylish nails;remove;
Ricoh Aficio MP;quantity_add;3
delightful lotion;price_percent;0.11
NVIDIA GeForce GTX 1050;price_percent;0.08
Canon PIXMA;remove;
exquisite drywall;quantity_add;111
stylish nails;quantity_sub;-98
marvelous doors;quantity_add;65
trendy melon;quantity_sub;-57
stylish cranberry;price_abs;2
amazing bubble bath;price_abs;-7
exquisite drywall;quantity_sub;-121
exquisite tile;quantity_sub;-69
luxurious flooring;quantity_sub;-127
exquisite drywall;quantity_add;169
nice raspberry;price_abs;3
beautiful perfume;available;True
tasteful shovel;remove;
magnificent face wash;price_percent;-0.16
Corsair HS60;quantity_sub;-3
AMD Ryzen 5;price_percent;-0.16
luxurious raspberry;quantity_add;153
gorgeous orange;quantity_add;58
amazing sunscreen;remove;
EVGA 500B 80+ BRONZE;available;False
Samsung 970 EVO SSD;available;False
sublime siding;price_percent;-0.1
attractive baby shampoo;available;True
Canon PIXMA;available;True
Samsung 970 EVO SSD;remove;
luxurious flooring;quantity_sub;-63
exquisite wallpaper;price_percent;-0.17
refined plumbing;available;True
Kingston Canvas Select Plus;remove;
tasteful blackberry;quantity_sub;-51
Brother DCP-T510W;quantity_add;3
elegant lip balm;price_abs;-3
Samsung 970 EVO SSD;price_percent;-0.03
gorgeous glue;remove;
stylish nails;available;True
nice cranberry;price_percent;-0.12
exquisite toner;remove;
Kingston Canvas Select Plus;available;True
sublime drywall;price_percent;-0.12
refined chisel;quantity_sub;-33
trendy cherry;quantity_sub;-149
gorgeous apple;remove;
pretty pineapple;price_percent;-0.04
exquisite toner;available;True
Samsung 970 EVO SSD;remove;
magnificent guava;available;False
pleasant pineapple;price_percent;-0.14
delightful manicure set;remove;
pretty raspberry;price_abs;-12
superb plumbing;price_percent;0.11
delightful wheelbarrow;quantity_add;5
Samsung 970 EVO SSD;price_abs;4078
WD Blue HDD;quantity_add;2
pleasant toner;price_percent;0.17
superb pedicure set;remove;
amazing sunscreen;quantity_add;84
marvelous doors;remove;
amazing sunscreen;price_percent;0.05
Corsair HS60;quantity_sub;-5
refined exfoliator;quantity_sub;-128
attractive strawberry;price_abs;2
magnificent serum;price_abs;-11
nice raspberry;remove;
Brother DCP-T510W;quantity_sub;-6
magnificent eye cream;available;False
tasteful blackberry;quantity_sub;-63
HyperX DDR4 RAM;quantity_sub;-9
Corsair HS60;price_percent;-0.09
luxurious raspberry;price_percent;-0.01
Ricoh Aficio MP;remove;
tasteful banana;available;True
Samsung 970 EVO SSD;remove;
gorgeous orange;quantity_sub;-57
sublime siding;price_percent;-0.02
Canon PIXMA;remove;
Epson Expression Home XP;available;True
Canon PIXMA;remove;
WD Blue HDD;quantity_add;4
gorgeous apple;price_percent;0.06
EVGA 500B 80+ BRONZE;quantity_add;4
Epson Expression Home XP;price_abs;11766
stylish cranberry;price_percent;-0.04
exquisite wallpaper;remove;
superb body wash;quantity_sub;-18
amazing sunscreen;price_percent;-0.2
magnificent serum;price_percent;-0.08
delightful lotion;remove;
Epson Expression Home XP;remove;
Kingston Canvas Select Plus;available;True
tasteful wheelbarrow;price_abs;25.432000000000002
Corsair HS60;price_percent;0.16
HyperX DDR4 RAM;price_abs;-9085
nice eye cream;price_percent;-0.06
Corsair HS60;quantity_sub;-7
exquisite nail file;price_abs;2
nice eye cream;price_abs;48.554
exquisite apple;price_percent;0.11
sublime sunscreen;price_percent;0.04
pretty pineapple;price_percent;0.03
amazing mango;price_percent;-0.12
superb cherry;price_percent;-0.17
stylish nail polish;remove;
gorgeous kiwifruit;available;False
attractive screws;available;True
marvelous ladder;price_abs;7
Samsung 970 EVO SSD;price_abs;5638
beautiful perfume;price_abs;6
attractive nails;remove;
pleasant toothpaste;quantity_sub;-89
Samsung 970 EVO SSD;available;True
Logitech Wireless Keyboard;quantity_sub;-1
beautiful perfume;available;True
Logitech Wireless Keyboard;price_percent;0.18
gorgeous moustache wax;quantity_sub;-21
attractive deodorant;price_percent;-0.19
superb tape measure;available;False
amazing sunscreen;quantity_add;20
superb plumbing;price_percent;-0.11
marvelous makeup remover;price_abs;0
Corsair HS60;available;True
HP LaserJet Pro;price_percent;0.0
Logitech Wireless Keyboard;price_percent;-0.2
superb baseboard;price_percent;0.12
refined plumbing;price_percent;-0.11
sublime blueberry;price_abs;-9
amazing perfume;price_percent;-0.12
pretty exfoliator;remove;
pleasant toothpaste;quantity_sub;-117
pretty pineapple;price_abs;6
gorgeous orange;available;False
HP LaserJet Pro;quantity_sub;-2
delightful wheelbarrow;remove;
marvelous lip balm;available;True
magnificent eye cream;price_abs;-8
delightful wheelbarrow;price_abs;0
marvelous makeup remover;quantity_sub;-24
gorgeous trim;price_abs;-5
AMD Ryzen 5;remove;
marvelous lip balm;quantity_add;153
magnificent glue;quantity_sub;-64
Samsung 970 EVO SSD;remove;
Razer Variau;quantity_sub;-3
gorgeous glue;quantity_sub;-79
superb body wash;available;False
HP LaserJet Pro;quantity_add;2
Logitech Wireless Keyboard;quantity_sub;-1
exquisite wallpaper;remove;
luxurious nail file;remove;
exquisite apple;available;True
pretty raspberry;remove;
Samsung 970 EVO SSD;available;True
HP LaserJet Pro;price_abs;-9907
superb body wash;quantity_add;25
Epson Expression Home XP;quantity_sub;-3
luxurious nail file;quantity_sub;-40
delightful wheelbarrow;quantity_add;16
Kingston Canvas Select Plus;price_percent;0.04
pleasant pineapple;price_percent;-0.05
gorgeous wheelbarrow;available;False
gorgeous wheelbarrow;price_percent;0.03
marvelous makeup remover;price_percent;-0.2
pretty exfoliator;price_percent;0.16
magnificent lotion;available;True
attractive deodorant;remove;
beautiful orange;quantity_add;92
magnificent hair mask;quantity_sub;-48
luxurious hair mask;available;True
AMD Ryzen 5;available;True
luxurious hair mask;remove;
marvelous lip balm;remove;
magnificent wallpaper;quantity_sub;-128
Logitech Wireless Keyboard;remove;
magnificent serum;price_percent;0.15
attractive guava;available;True
Brother DCP-T510W;quantity_add;8
attractive nails;available;False
stylish nails;price_percent;0.2
superb pedicure set;price_percent;-0.08
delightful face wash;quantity_sub;-42
AMD Ryzen 5;price_percent;-0.12
stylish sunscreen;price_abs;-13
Razer Variau;available;True
NVIDIA GeForce GTX 1050;remove;
beautiful scaffolding;quantity_add;59
tasteful shovel;quantity_add;111
superb body wash;price_percent;-0.07
magnificent serum;remove;
nice facial cleanser;quantity_add;102
superb body wash;quantity_sub;-15
Epson Expression Home XP;available;False
beautiful scaffolding;price_percent;-0.12
attractive screws;price_abs;9
stylish nails;price_percent;0.04
nice eye cream;price_abs;-5
attractive nails;price_percent;-0.05
attractive strawberry;price_abs;-5
delightful lotion;quantity_sub;-39
Corsair HS60;remove;
tasteful wheelbarrow;quantity_add;84
nice facial cleanser;available;True
Ricoh Aficio MP;remove;
tasteful wheelbarrow;quantity_add;24
attractive deodorant;remove;
superb baseboard;price_percent;0.14
WD Blue HDD;price_percent;-0.08
magnificent glue;price_percent;-0.06
exquisite night cream;available;True
amazing mango;remove;
gorgeous kiwifruit;price_abs;-3
pleasant facial cleanser;price_percent;0.15
attractive deodorant;price_percent;-0.12
AMD Ryzen 5;quantity_add;4
nice raspberry;quantity_sub;-18
Ricoh Aficio MP;remove;
pretty apple;available;True
Samsung 970 EVO SSD;remove;
refined manicure set;remove;
Corsair HS60;quantity_sub;-2
elegant cherry;remove;
delightful manicure set;available;True
pretty cranberry;remove;
beautiful perfume;price_abs;68.33200000000001
amazing perfume;price_abs;-10
EVGA 500B 80+ BRONZE;price_percent;-0.05
exquisite drywall;quantity_add;100
attractive nails;remove;
EVGA 500B 80+ BRONZE;quantity_sub;-1
beautiful peach;available;False
nice cranberry;price_percent;0.2
exquisite toner;remove;
beautiful peach;quantity_add;115
magnificent serum;remove;
attractive guava;available;True
marvelous ladder;quantity_add;25
tasteful shovel;available;True
Epson Expression Home XP;quantity_add;3
Razer Variau;price_percent;0.11
attractive guava;price_percent;0.2
pretty pineapple;price_abs;-11
nice eye cream;remove;
elegant lip balm;price_percent;-0.19
trendy baby shampoo;quantity_add;101
attractive guava;quantity_add;2
refined exfoliator;available;True
magnificent wallpaper;quantity_add;144
superb pedicure set;price_abs;12
gorgeous trim;price_percent;-0.08
pleasant apricot;quantity_add;65
sublime sunscreen;quantity_add;31
tasteful blackberry;price_abs;18.04
pretty exfoliator;price_abs;-2
luxurious nail file;price_percent;0.13
Logitech Wireless Keyboard;price_percent;0.17
Canon PIXMA;price_abs;5248
HP LaserJet Pro;quantity_sub;-1
superb baseboard;quantity_sub;-10
Brother DCP-T510W;available;False
Samsung 970 EVO SSD;price_percent;0.17
stylish nails;remove;
Epson Expression Home XP;price_abs;9815
pretty raspberry;price_abs;-6
superb body wash;quantity_sub;-41
sublime blueberry;price_abs;-9
superb body wash;price_abs;3
Corsair HS60;available;True
sublime deodorant;quantity_add;128
magnificent eye cream;quantity_sub;-118
attractive tile;price_percent;-0.03
nice wallpaper;quantity_sub;-126
luxurious makeup remover;remove;
sublime drywall;quantity_add;79
gorgeous trim;remove;
luxurious lip balm;remove;
Canon PIXMA;price_percent;0.07
pleasant facial cleanser;price_percent;0.07
gorgeous wheelbarrow;price_percent;0.12
gorgeous orange;remove;
amazing bubble bath;price_abs;47.476
exquisite nail file;available;True
sublime sunscreen;price_percent;-0.1
Corsair HS60;quantity_add;3
pretty raspberry;price_abs;-4
delightful wheelbarrow;available;True
attractive deodorant;available;False
elegant lip balm;price_abs;4
magnificent wallpaper;quantity_sub;-72
luxurious makeup remover;quantity_add;39
Logitech Wireless Keyboard;price_percent;-0.09
marvelous ladder;quantity_sub;-143
beautiful perfume;price_abs;8
luxurious flooring;remove;
glamorous guava;remove;
delightful manicure set;quantity_sub;-113
HP LaserJet Pro;price_percent;0.09
AMD Ryzen 5;price_percent;-0.1
marvelous doors;price_percent;-0.08
Samsung 970 EVO SSD;remove;
Canon PIXMA;remove;
EVGA 500B 80+ BRONZE;available;False
marvelous lip balm;price_abs;-12
AMD Ryzen 5;available;True
Corsair HS60;price_percent;-0.02
sublime scaffolding;quantity_add;80
HyperX DDR4 RAM;price_percent;0.09
elegant cherry;available;False
stylish cranberry;available;False
luxurious paint;remove;
Kingston Canvas Select Plus;price_percent;0.17
gorgeous apple;quantity_add;10
luxurious raspberry;quantity_add;9
Canon PIXMA;quantity_sub;-2
exquisite night cream;quantity_sub;-31
luxurious nail file;available;True
magnificent hammer;quantity_add;6
exquisite toner;quantity_add;28
sublime scaffolding;available;True
stylish sunscreen;available;True
tasteful blackberry;remove;
magnificent glue;quantity_add;110
exquisite drywall;price_abs;-15
refined manicure set;price_abs;16
luxurious flooring;available;True
Corsair HS60;price_percent;0.13
exquisite drywall;price_abs;-5
attractive tile;quantity_add;141
pretty apple;remove;
magnificent face wash;quantity_sub;-3
magnificent lotion;quantity_add;81
pleasant toothpaste;quantity_sub;-96
EVGA 500B 80+ BRONZE;quantity_sub;-1
AMD Ryzen 5;quantity_sub;-1
exquisite nail file;price_abs;4
pleasant toner;quantity_sub;-121
stylish baseboard;quantity_sub;-55
nice wallpaper;quantity_sub;-27
Brother DCP-T510W;quantity_sub;-6
magnificent glue;available;True
sublime scaffolding;price_percent;0.19
luxurious hair mask;available;True
superb pedicure set;available;True
beautiful scaffolding;price_percent;0.07
luxurious paint;remove;
gorgeous cherry;available;True
attractive tile;price_abs;13
tasteful shovel;available;False
glamorous guava;quantity_add;30
exquisite tile;available;True
pretty nail file;available;True
pleasant pineapple;price_percent;0.01
refined manicure set;available;True
Epson Expression Home XP;price_percent;0.2
Canon PIXMA;price_abs;-1441
EVGA 500B 80+ BRONZE;quantity_add;1
Brother DCP-T510W;quantity_sub;-1
attractive screws;remove;
gorgeous kiwifruit;available;False
luxurious paint;remove;
Razer Variau;remove;
luxurious flooring;quantity_sub;-25
Canon PIXMA;remove;
Samsung 970 EVO SSD;available;True
magnificent glue;price_percent;0.01
Corsair HS60;price_percent;0.16
Brother DCP-T510W;price_abs;-7622
superb baseboard;price_abs;-2
refined manicure set;quantity_sub;-39
nice ladder;available;True
nice raspberry;quantity_sub;-113
superb body wash;price_percent;0.05
Samsung 970 EVO SSD;available;False
exquisite wallpaper;quantity_add;103
Canon PIXMA;quantity_sub;-5
Canon PIXMA;available;True
HP LaserJet Pro;remove;
attractive strawberry;price_abs;3
magnificent wallpaper;quantity_add;119
beautiful scaffolding;price_percent;-0.04
magnificent glue;price_percent;-0.05
pretty lotion;price_abs;6
pretty apple;price_abs;-1
nice facial cleanser;price_percent;-0.07
Canon PIXMA;remove;
SteelSeries Arctis 7;quantity_add;3
amazing sunscreen;available;False
superb pedicure set;quantity_add;120
luxurious hair mask;quantity_sub;-25
exquisite tile;quantity_add;18
elegant grapes;price_abs;-1
Logitech Wireless Keyboard;quantity_add;1
AMD Ryzen 5;quantity_add;3
elegant plumbing;price_abs;7
HyperX DDR4 RAM;price_percent;-0.06
exquisite toner;available;True
stylish apple;price_percent;0.01
marvelous makeup remover;quantity_sub;-78
magnificent hammer;quantity_add;53
marvelous doors;price_percent;-0.12
amazing sunscreen;price_percent;-0.03
trendy cherry;price_percent;-0.13
attractive strawberry;quantity_add;18
SteelSeries Arctis 7;available;False
attractive screws;quantity_add;163
pretty lotion;remove;
attractive screws;price_percent;0.15
nice raspberry;quantity_sub;-50
Logitech Wireless Keyboard;quantity_add;2
gorgeous apple;remove;
AMD Ryzen 5;quantity_add;4
Razer Variau;available;True
Brother DCP-T510W;price_percent;-0.18
pleasant toothpaste;price_abs;63.492000000000004
amazing sunscreen;quantity_sub;-77
pretty raspberry;available;True
stylish nails;quantity_add;63
exquisite apple;price_percent;-0.08
Corsair HS60;price_abs;99273.90000000001
beautiful peach;available;True
Intel Core i5;available;False
delightful lotion;price_abs;-1
Samsung 970 EVO SSD;price_percent;0.11
nice cranberry;quantity_add;42
luxurious nail file;remove;
nice ladder;remove;
magnificent hammer;quantity_sub;-143
attractive strawberry;price_percent;-0.01
Intel Core i5;quantity_sub;-4
refined plumbing;quantity_sub;-80
beautiful scaffolding;price_abs;8
pretty exfoliator;price_percent;0.04
sublime sunscreen;available;True
Canon PIXMA;quantity_sub;-5
WD Blue HDD;price_abs;-9682
exquisite toner;quantity_add;38
Epson Expression Home XP;quantity_sub;-1
amazing perfume;remove;
NVIDIA GeForce GTX 1050;available;True
stylish sunscreen;quantity_sub;-37
exquisite toner;available;False
attractive strawberry;remove;
refined manicure set;remove;
Epson Expression Home XP;quantity_add;6
HP LaserJet Pro;quantity_add;2
pretty nail file;quantity_sub;-46
delightful manicure set;price_percent;0.05
exquisite apple;remove;
HP LaserJet Pro;available;True
elegant plumbing;available;True
HP LaserJet Pro;available;False
superb cherry;quantity_add;66
SteelSeries Arctis 7;quantity_add;4
nice eye cream;remove;
amazing mango;available;True
attractive guava;price_percent;-0.05
luxurious moisturizer;remove;
superb plumbing;remove;
AMD Ryzen 5;quantity_sub;-2
refined chisel;remove;
refined exfoliator;price_percent;0.05
magnificent hair mask;remove;
Epson Expression Home XP;price_percent;0.09
stylish sunscreen;remove;
tasteful tape measure;price_percent;-0.01
Canon PIXMA;price_abs;2740
Logitech Wireless Keyboard;available;False
Kingston Canvas Select Plus;price_percent;0.11
luxurious raspberry;available;False
Canon PIXMA;available;True
amazing mango;quantity_sub;-18
pretty apple;remove;
delightful wheelbarrow;available;True
Corsair HS60;quantity_add;2
glamorous nail polish;price_abs;-4
AMD Ryzen 5;price_abs;5549
sublime sunscreen;price_abs;-3
Canon PIXMA;price_abs;15110
trendy melon;remove;
pleasant toner;available;True
HyperX DDR4 RAM;price_percent;-0.2
attractive guava;remove;
Samsung 970 EVO SSD;quantity_sub;-7
attractive guava;remove;
exquisite nail file;price_percent;-0.02
Epson Expression Home XP;available;False
Samsung 970 EVO SSD;quantity_sub;-3
EVGA 500B 80+ BRONZE;quantity_sub;-5
refined chisel;price_abs;5
stylish nails;quantity_sub;-52
attractive guava;remove;
AMD Ryzen 5;available;False
Kingston Canvas Select Plus;price_abs;7637
marvelous lip balm;quantity_add;160
superb baseboard;quantity_add;41
marvelous lip balm;quantity_add;170
HP LaserJet Pro;available;True
magnificent guava;quantity_add;15
beautiful perfume;remove;
sublime sunscreen;available;True
attractive tile;quantity_add;145
Intel Core i5;available;True
pretty paint;available;True
marvelous makeup remover;remove;
stylish apple;quantity_sub;-24
Brother DCP-T510W;quantity_add;6
gorgeous apple;quantity_add;116
AMD Ryzen 5;remove;
elegant plumbing;remove;
Brother DCP-T510W;remove;
luxurious flooring;quantity_add;82
Corsair HS60;quantity_add;5
Kingston Canvas Select Plus;price_abs;40222.600000000006
gorgeous trim;remove;
NVIDIA GeForce GTX 1050;price_percent;0.16
Canon PIXMA;quantity_sub;-1
exquisite wallpaper;price_abs;-5
luxurious lip balm;quantity_sub;-134
nice eye cream;available;True
trendy melon;quantity_sub;-56
magnificent wallpaper;price_abs;-1
attractive tile;available;False
AMD Ryzen 5;price_abs;1548
pretty raspberry;quantity_sub;-69
gorgeous wheelbarrow;remove;
gorgeous moustache wax;quantity_add;102
Kingston Canvas Select Plus;remove;
tasteful baby shampoo;quantity_sub;-83
beautiful peach;quantity_add;22
luxurious nail file;price_percent;0.16
Brother DCP-T510W;remove;
Razer Variau;quantity_sub;-2
Epson Expression Home XP;price_abs;3646
luxurious moisturizer;remove;
magnificent wallpaper;remove;
luxurious flooring;price_percent;-0.02
attractive tile;price_percent;0.06
WD Blue HDD;quantity_add;5
nice banana;remove;
Epson Expression Home XP;quantity_sub;-7
HP LaserJet Pro;available;True
gorgeous glue;price_percent;0.14
HP LaserJet Pro;available;False
nice eye cream;available;True
superb body wash;price_abs;-2
luxurious flooring;remove;
gorgeous wheelbarrow;quantity_sub;-11
AMD Ryzen 5;available;True
Canon PIXMA;quantity_sub;-2
pretty paint;quantity_add;119
attractive screws;remove;
trendy kiwifruit;price_abs;-3
sublime siding;remove;
Samsung 970 EVO SSD;price_percent;-0.2
magnificent serum;available;True
nice cranberry;available;True
Samsung 970 EVO SSD;available;True
beautiful scaffolding;quantity_sub;-45
Razer Variau;remove;
HyperX DDR4 RAM;price_abs;6960
superb cherry;price_percent;0.03
NVIDIA GeForce GTX 1050;quantity_add;8
NVIDIA GeForce GTX 1050;remove;
nice raspberry;remove;
sublime scaffolding;price_abs;2
Samsung 970 EVO SSD;price_percent;0.16
HyperX DDR4 RAM;quantity_add;8
magnificent face wash;price_percent;-0.02
beautiful orange;quantity_add;20
Corsair HS60;remove;
attractive papaya;quantity_add;123
Razer Variau;quantity_add;11
Samsung 970 EVO SSD;remove;
Razer Variau;price_abs;-2497
Samsung 970 EVO SSD;quantity_sub;-6
Razer Variau;price_abs;-7986
superb baseboard;price_abs;-1
delightful wheelbarrow;available;False
pretty paint;quantity_add;99
beautiful peach;remove;
exquisite pedicure set;available;True
AMD Ryzen 5;quantity_add;9
amazing sunscreen;remove;
pretty apple;available;True
magnificent wallpaper;remove;
exquisite pedicure set;price_abs;8
amazing perfume;quantity_sub;-12
sublime apricot;quantity_sub;-120
tasteful baby shampoo;quantity_sub;-63
gorgeous glue;quantity_add;26
superb baseboard;quantity_add;157
superb cherry;quantity_add;133
HyperX DDR4 RAM;quantity_add;6
Canon PIXMA;price_percent;-0.13
Canon PIXMA;quantity_sub;-4
exquisite apple;quantity_sub;-75
delightful face wash;quantity_add;36
Ricoh Aficio MP;available;True
pleasant toothpaste;quantity_add;53
attractive guava;remove;
exquisite apple;price_abs;-8
Samsung 970 EVO SSD;quantity_add;6
attractive guava;available;True
stylish baseboard;quantity_add;27
HyperX DDR4 RAM;quantity_add;1
Canon PIXMA;price_abs;-5602
Canon PIXMA;available;True
luxurious grapes;quantity_add;131
sublime siding;quantity_add;112
Logitech Wireless Keyboard;price_percent;-0.13
trendy cherry;quantity_add;178
sublime scaffolding;price_percent;0.12
tasteful shovel;price_percent;0.11
magnificent eye cream;quantity_add;142
Samsung 970 EVO SSD;price_percent;0.09
attractive papaya;available;True
AMD Ryzen 5;quantity_add;2
Canon PIXMA;price_percent;-0.06
nice eye cream;quantity_add;181
attractive baby shampoo;price_abs;-2
tasteful blackberry;available;True
delightful manicure set;price_percent;-0.18
gorgeous orange;remove;
luxurious nail file;remove;
Brother DCP-T510W;quantity_sub;-2
superb plumbing;available;False
marvelous makeup remover;remove;
Epson Expression Home XP;price_abs;77722.70000000001
AMD Ryzen 5;price_percent;-0.03
tasteful blackberry;available;False
nice cranberry;quantity_add;31
superb plumbing;available;True
pretty apple;price_abs;0
nice cranberry;quantity_sub;-62
Canon PIXMA;price_abs;-9150
Intel Core i5;quantity_sub;-2
exquisite wallpaper;available;True
marvelous lip balm;remove;
magnificent eye cream;quantity_add;105
Canon PIXMA;remove;
superb plumbing;price_percent;-0.06
AMD Ryzen 5;available;True
amazing mango;remove;
beautiful scaffolding;price_percent;0.03
tasteful baby shampoo;remove;
gorgeous orange;quantity_sub;-121
HP LaserJet Pro;available;True
AMD Ryzen 5;price_percent;0.03
marvelous makeup remover;available;False
